[
  {
    "id": "e2792e24-a3b2-4135-a3c1-cf7cf5862728",
    "data": [
      {
        "text": "give me information about ",
        "userDefined": false
      },
      {
        "text": "gdgsurat",
        "alias": "chapterName",
        "meta": "@chapterName",
        "userDefined": true
      },
      {
        "text": " chapter",
        "userDefined": false
      }
    ],
    "isTemplate": false,
    "count": 0,
    "updated": 1539164663
  },
  {
    "id": "12109d84-81fd-4db0-8297-3eab621daad3",
    "data": [
      {
        "text": "details of ",
        "userDefined": false
      },
      {
        "text": "GDG Rajkot",
        "alias": "chapterName",
        "meta": "@chapterName",
        "userDefined": true
      }
    ],
    "isTemplate": false,
    "count": 2,
    "updated": 1539164663
  },
  {
    "id": "e3b0d523-b8a3-4caa-a6d4-a258e1ba25de",
    "data": [
      {
        "text": "can you please tell me about ",
        "userDefined": false
      },
      {
        "text": "google developer groups baroda",
        "alias": "chapterName",
        "meta": "@chapterName",
        "userDefined": true
      }
    ],
    "isTemplate": false,
    "count": 1,
    "updated": 1539164663
  },
  {
    "id": "d60df572-daf2-4e85-91a1-b6844434aab8",
    "data": [
      {
        "text": "i want to know about ",
        "userDefined": false
      },
      {
        "text": "GDG Ahmedabad",
        "alias": "chapterName",
        "meta": "@chapterName",
        "userDefined": true
      }
    ],
    "isTemplate": false,
    "count": 0,
    "updated": 1539164663
  }
]