[
  {
    "id": "721c288e-07b8-4271-a9c3-1158a54dc557",
    "data": [
      {
        "text": " bye for now",
        "userDefined": false
      }
    ],
    "isTemplate": false,
    "count": 0,
    "updated": 1538591571
  },
  {
    "id": "76c33ea8-d3d6-471d-914c-ac4e9c1494a9",
    "data": [
      {
        "text": "ttyl",
        "userDefined": false
      }
    ],
    "isTemplate": false,
    "count": 0,
    "updated": 1538591571
  },
  {
    "id": "81137586-bb8e-4623-8504-9e3c001b4091",
    "data": [
      {
        "text": "i want to quit",
        "userDefined": false
      }
    ],
    "isTemplate": false,
    "count": 0,
    "updated": 1538591571
  },
  {
    "id": "0c55c4c3-0112-4efa-92e6-839a1a3b8843",
    "data": [
      {
        "text": "i\u0027m done",
        "userDefined": false
      }
    ],
    "isTemplate": false,
    "count": 0,
    "updated": 1538591571
  },
  {
    "id": "24342dc2-6bca-48b5-9b98-eaa1f7b4c1f7",
    "data": [
      {
        "text": "by",
        "userDefined": false
      }
    ],
    "isTemplate": false,
    "count": 0,
    "updated": 1538591571
  },
  {
    "id": "09448f2f-312c-45a6-a474-ce0e138f5327",
    "data": [
      {
        "text": "bye bye",
        "userDefined": false
      }
    ],
    "isTemplate": false,
    "count": 0,
    "updated": 1538591571
  },
  {
    "id": "f7a1a965-2044-4dc0-a564-ac76ba906d16",
    "data": [
      {
        "text": "talk to you later",
        "userDefined": false
      }
    ],
    "isTemplate": false,
    "count": 0,
    "updated": 1538591571
  }
]