[
  {
    "id": "3c854fdf-d756-416c-94de-bcfacecf7c1c",
    "data": [
      {
        "text": "Tell me about gdg",
        "userDefined": false
      }
    ],
    "isTemplate": false,
    "count": 0,
    "updated": 0
  },
  {
    "id": "f66c402a-1609-498b-8bbb-fdc990627f0c",
    "data": [
      {
        "text": "brief description of google developers groups",
        "userDefined": false
      }
    ],
    "isTemplate": false,
    "count": 0,
    "updated": 1538504886
  },
  {
    "id": "41a3f0a5-7edc-412c-bc2b-ab8140baea48",
    "data": [
      {
        "text": "Brief about GDG",
        "userDefined": false
      }
    ],
    "isTemplate": false,
    "count": 0,
    "updated": 1538504886
  },
  {
    "id": "7e0fa97c-fb77-438d-a6c3-4e57e1ebc1d4",
    "data": [
      {
        "text": "tell me brief about that",
        "userDefined": false
      }
    ],
    "isTemplate": false,
    "count": 0,
    "updated": 1538504886
  },
  {
    "id": "f2b83368-8a92-4f0d-a3ca-3677157034c9",
    "data": [
      {
        "text": "Tell me brief about gdg platform",
        "userDefined": false
      }
    ],
    "isTemplate": false,
    "count": 0,
    "updated": 1538504886
  }
]